english,target
I,io
you (singular),tu
he,lui
she,lei
it,esso / essa
we,noi
you (plural),voi
they,loro
you (formal),Lei
me (accusative),mi / me
"you (acc., sg.)",ti / te
him,lo / lui
her,la / lei
us,ci / noi
"you (acc., pl.)",vi / voi
them,li / le / loro
to me (dative),mi
"to you (dat., sg.)",ti
to him,gli
to her,le
to us,ci
"to you (dat., pl.)",vi
to them,loro / gli
myself,me stesso / mi
yourself,te stesso / ti
himself / herself,se stesso / si
ourselves,noi stessi / ci
yourselves,voi stessi / vi
themselves,se stessi / si
someone,qualcuno
nobody,nessuno
something,qualcosa
nothing,niente / nulla
everyone,tutti / ognuno
everything,tutto
both,entrambi
each other,l'un l'altro
this,questo / questa
that,quello / quella
these,questi / queste
those,quelli / quelle
here,qui / qua
there,lì / là
zero,zero
one,uno
two,due
three,tre
four,quattro
five,cinque
six,sei
seven,sette
eight,otto
nine,nove
ten,dieci
eleven,undici
twelve,dodici
thirteen,tredici
fourteen,quattordici
fifteen,quindici
sixteen,sedici
seventeen,diciassette
eighteen,diciotto
nineteen,diciannove
twenty,venti
twenty-one,ventuno
thirty,trenta
forty,quaranta
fifty,cinquanta
sixty,sessanta
seventy,settanta
eighty,ottanta
ninety,novanta
hundred,cento
thousand,mille
million,un milione
billion,un miliardo
first,primo / prima
second,secondo / seconda
third,terzo / terza
fourth,quarto
fifth,quinto
sixth,sesto
seventh,settimo
eighth,ottavo
ninth,nono
tenth,decimo
once,una volta
twice,due volte
three times,tre volte
half,metà
a quarter,un quarto
a third,un terzo
a dozen,una dozzina
a pair,un paio
man,uomo
woman,donna
child,bambino / bambina
boy,ragazzo
girl,ragazza
baby,bebè / neonato
person,persona
adult,adulto
teenager,adolescente
father,padre
mother,madre
son,figlio
daughter,figlia
brother,fratello
sister,sorella
husband,marito
wife,moglie
grandfather,nonno
grandmother,nonna
grandson,nipote (m)
granddaughter,nipote (f)
uncle,zio
aunt,zia
cousin (m),cugino
cousin (f),cugina
nephew,nipote (m)
niece,nipote (f)
friend (m),amico
friend (f),amica
neighbor (m),vicino
neighbor (f),vicina
colleague (m),collega (m)
colleague (f),collega (f)
partner,partner / compagno
guest,ospite
stranger,straniero
parents,genitori
twins,gemelli
stepfather,patrigno
stepmother,matrigna
godfather,padrino
godmother,madrina
fiancé (m),fidanzato
fiancé (f),fidanzata
ex-partner,ex
in-law,suocero / suocera
doctor (m),medico / dottore
doctor (f),dottoressa
nurse (m),infermiere
nurse (f),infermiera
teacher (m),insegnante / professore
teacher (f),professoressa
student (m),studente
student (f),studentessa
pupil,alunno / allievo
professor,professore
lawyer (m),avvocato
lawyer (f),avvocatessa
judge,giudice
engineer,ingegnere
architect,architetto
scientist,scienziato
programmer,programmatore
designer,designer / progettista
artist,artista
writer,scrittore / scrittrice
journalist,giornalista
photographer,fotografo
musician,musicista
singer,cantante
actor,attore
actress,attrice
director,regista
painter,pittore
chef,chef / cuoco
cook,cuoco / cuoca
waiter (m),cameriere
waiter (f),cameriera
baker,fornaio / panettiere
butcher,macellaio
farmer,agricoltore / contadino
driver,autista / guidatore
pilot,pilota
sailor,marinaio
soldier,soldato
police officer,poliziotto
firefighter,pompiere / vigile del fuoco
postman,postino
electrician,elettricista
mechanic,meccanico
accountant,contabile
manager,manager / direttore
boss,capo
employee,dipendente / impiegato
dentist,dentista
pharmacist,farmacista
psychologist,psicologo
politician,politico
priest,prete / sacerdote
veterinarian,veterinario
economist,economista
secretary,segretario / segretaria
receptionist,receptionist
plumber,idraulico
carpenter,falegname
hairdresser,parrucchiere / parrucchiera
head,testa
face,viso / faccia
eye,occhio
ear,orecchio
nose,naso
mouth,bocca
tooth,dente
tongue,lingua
lip,labbro
chin,mento
cheek,guancia
forehead,fronte
hair,capelli
neck,collo
throat,gola
shoulder,spalla
arm,braccio
elbow,gomito
wrist,polso
hand,mano
finger,dito
thumb,pollice
nail,unghia
chest,petto
back,schiena
stomach,stomaco / pancia
hip,anca / fianco
leg,gamba
knee,ginocchio
ankle,caviglia
foot,piede
toe,dito del piede
heart,cuore
lung,polmone
liver,fegato
kidney,rene
brain,cervello
bone,osso
muscle,muscolo
skin,pelle
blood,sangue
nerve,nervo
spine,spina dorsale
rib,costola
vein,vena
bread,pane
roll,panino
butter,burro
milk,latte
egg,uovo
cheese,formaggio
meat,carne
chicken,pollo
beef,manzo
pork,maiale
fish,pesce
shrimp,gambero
sausage,salsiccia
ham,prosciutto
soup,zuppa / minestra
salad,insalata
pasta,pasta
rice,riso
pizza,pizza
potato,patata
tomato,pomodoro
cucumber,cetriolo
carrot,carota
onion,cipolla
garlic,aglio
pepper (spice),pepe
salt,sale
sugar,zucchero
oil,olio
vinegar,aceto
mustard,senape
apple,mela
pear,pera
banana,banana
orange,arancia
strawberry,fragola
cherry,ciliegia
grape,uva
lemon,limone
peach,pesca
plum,prugna
watermelon,anguria
melon,melone
water,acqua
juice,succo
coffee,caffè
tea,tè
beer,birra
wine,vino
milk,latte
lemonade,limonata
sparkling water,acqua frizzante
flat water,acqua naturale
cocktail,cocktail
espresso,caffè espresso
cappuccino,cappuccino
cake,torta
cookie,biscotto
chocolate,cioccolato
ice cream,gelato
jam,marmellata
honey,miele
flour,farina
breakfast,colazione
lunch,pranzo
dinner,cena
snack,spuntino
dessert,dolce / dessert
recipe,ricetta
meal,pasto
menu,menù
dish,piatto
ingredient,ingrediente
mushroom,fungo
spinach,spinaci
broccoli,broccoli
corn,mais
pea,pisello
bean,fagiolo
lettuce,lattuga
artichoke,carciofo
eggplant,melanzana
zucchini,zucchina
pepper (vegetable),peperone
olive,oliva
olive oil,olio d'oliva
cream,panna
yogurt,yogurt
sauce,salsa
dressing,condimento
portion,porzione
taste,gusto / sapore
flavor,sapore
house,casa
apartment,appartamento
building,edificio
room,stanza / camera
kitchen,cucina
bathroom,bagno
bedroom,camera da letto
living room,salotto / soggiorno
dining room,sala da pranzo
hallway,corridoio / ingresso
cellar,cantina
attic,soffitta
garage,garage
garden,giardino
balcony,balcone
terrace,terrazza
stairs,scale
elevator,ascensore
door,porta
window,finestra
wall,muro / parete
floor,pavimento
ceiling,soffitto
roof,tetto
bed,letto
sofa,divano
armchair,poltrona
table,tavolo
chair,sedia
desk,scrivania
shelf,scaffale
wardrobe,armadio
drawer,cassetto
mirror,specchio
lamp,lampada
carpet,tappeto
curtain,tenda
pillow,cuscino
blanket,coperta
towel,asciugamano
key,chiave
lock,serratura
bell,campanello
washing machine,lavatrice
dishwasher,lavastoviglie
refrigerator,frigorifero
microwave,microonde
vacuum cleaner,aspirapolvere
coffee machine,macchina del caffè
tap / faucet,rubinetto
light switch,interruttore
power outlet,presa elettrica
trash can,cestino / bidone
oven,forno
toaster,tostapane
kettle,bollitore
air conditioning,aria condizionata
heating,riscaldamento
street,via / strada
road,strada
path,sentiero / percorso
bridge,ponte
square,piazza
park,parco
city,città
village,paese / villaggio
district,quartiere
neighborhood,quartiere / vicinato
city center,centro città
suburb,periferia
country,paese / nazione
region,regione
border,confine
airport,aeroporto
train station,stazione
bus stop,fermata dell'autobus
subway,metropolitana
tram,tram
taxi,taxi
car,macchina / auto
bus,autobus
train,treno
plane,aereo
ship,nave
bicycle,bicicletta
motorcycle,moto
traffic,traffico
traffic light,semaforo
parking lot,parcheggio
highway,autostrada
ticket,biglietto
map,mappa / cartina
traffic jam,ingorgo
driving license,patente
fuel station,stazione di servizio
roundabout,rotatoria
pedestrian crossing,strisce pedonali
bicycle lane,pista ciclabile
one-way street,senso unico
intersection,incrocio
tunnel,galleria / tunnel
toll,pedaggio
bus line,linea di autobus
ferry,traghetto
port / harbor,porto
stop,fermata
shop,negozio
store,negozio / magazzino
supermarket,supermercato
bakery,panetteria / forno
butcher shop,macelleria
pharmacy,farmacia
hospital,ospedale
clinic,clinica
school,scuola
university,università
library,biblioteca
museum,museo
theater,teatro
cinema,cinema
church,chiesa
mosque,moschea
synagogue,sinagoga
bank,banca
post office,ufficio postale
hotel,albergo / hotel
restaurant,ristorante
café,bar / caffè
bar,bar
office,ufficio
factory,fabbrica
farm,fattoria
market,mercato
bookstore,libreria
gym,palestra
swimming pool,piscina
stadium,stadio
sports hall,palazzetto
police station,commissariato / questura
fire station,caserma dei pompieri
courthouse,tribunale
embassy,ambasciata
town hall,municipio
gallery,galleria
cathedral,cattedrale
castle,castello
palace,palazzo
monastery,monastero
camp,campeggio
shopping center,centro commerciale
department store,grande magazzino
nature,natura
forest,foresta / bosco
tree,albero
flower,fiore
grass,erba
leaf,foglia
root,radice
branch,ramo
bush,cespuglio
mountain,montagna
hill,collina
valley,valle
river,fiume
lake,lago
sea,mare
ocean,oceano
beach,spiaggia
island,isola
desert,deserto
jungle,giungla
field,campo
meadow,prato
cave,grotta
waterfall,cascata
volcano,vulcano
glacier,ghiacciaio
sky,cielo
sun,sole
moon,luna
star,stella
cloud,nuvola
rain,pioggia
snow,neve
wind,vento
storm,tempesta
thunder,tuono
lightning,fulmine
rainbow,arcobaleno
fog,nebbia
ice,ghiaccio
frost,brina
hail,grandine
earthquake,terremoto
flood,alluvione
drought,siccità
earth / soil,terra
stone,pietra / sasso
sand,sabbia
fire,fuoco
smoke,fumo
air,aria
wave,onda
coast,costa
cliff,scogliera
peninsula,penisola
horizon,orizzonte
landscape,paesaggio
environment,ambiente
dog,cane
cat,gatto
horse,cavallo
cow,mucca
pig,maiale
sheep,pecora
goat,capra
chicken,pollo
duck,anatra
rabbit,coniglio
mouse,topo
rat,ratto
bird,uccello
eagle,aquila
owl,gufo / civetta
parrot,pappagallo
pigeon,piccione
crow,cornacchia
swallow,rondine
sparrow,passero
seagull,gabbiano
fish,pesce
shark,squalo
whale,balena
dolphin,delfino
frog,rana
snake,serpente
turtle,tartaruga
crocodile,coccodrillo
lizard,lucertola
lion,leone
tiger,tigre
bear,orso
wolf,lupo
fox,volpe
deer,cervo
rabbit,coniglio
squirrel,scoiattolo
elephant,elefante
giraffe,giraffa
zebra,zebra
monkey,scimmia
gorilla,gorilla
camel,cammello
kangaroo,canguro
penguin,pinguino
polar bear,orso polare
butterfly,farfalla
bee,ape
ant,formica
spider,ragno
fly,mosca
mosquito,zanzara
worm,verme
snail,lumaca
jellyfish,medusa
octopus,polpo
crab,granchio
lobster,aragosta
time,tempo / ora
hour,ora
minute,minuto
second,secondo
day,giorno
week,settimana
month,mese
year,anno
decade,decennio
century,secolo
morning,mattina
afternoon,pomeriggio
evening,sera
night,notte
noon,mezzogiorno
midnight,mezzanotte
dawn,alba
dusk,tramonto
Monday,lunedì
Tuesday,martedì
Wednesday,mercoledì
Thursday,giovedì
Friday,venerdì
Saturday,sabato
Sunday,domenica
January,gennaio
February,febbraio
March,marzo
April,aprile
May,maggio
June,giugno
July,luglio
August,agosto
September,settembre
October,ottobre
November,novembre
December,dicembre
spring,primavera
summer,estate
autumn,autunno
winter,inverno
holiday,vacanza
vacation,ferie / vacanze
birthday,compleanno
anniversary,anniversario
wedding,matrimonio
funeral,funerale
past,passato
present,presente
future,futuro
weekend,fine settimana
deadline,scadenza
today,oggi
yesterday,ieri
tomorrow,domani
the day before yesterday,l'altro ieri
the day after tomorrow,dopodomani
last week,la settimana scorsa
next week,la settimana prossima
last year,l'anno scorso
next year,l'anno prossimo
class,classe
lesson,lezione
subject,materia
homework,compiti
exam,esame
grade,voto
diploma,diploma
degree,laurea
knowledge,conoscenza
skill,abilità / competenza
language,lingua
word,parola
sentence,frase
grammar,grammatica
vocabulary,vocabolario
pronunciation,pronuncia
translation,traduzione
dictionary,dizionario
book,libro
notebook,quaderno
pen,penna
pencil,matita
paper,carta
page,pagina
chapter,capitolo
paragraph,paragrafo
text,testo
question,domanda
answer,risposta
exercise,esercizio
math,matematica
physics,fisica
chemistry,chimica
biology,biologia
history,storia
geography,geografia
art,arte
music,musica
sport,sport
lecture,conferenza / lezione
seminar,seminario
thesis,tesi
scholarship,borsa di studio
campus,campus
classroom,aula
blackboard,lavagna
primary school,scuola elementare
high school,liceo / scuola superiore
university,università
vocational school,istituto professionale
oral exam,esame orale
written exam,esame scritto
essay,tema / saggio
presentation,presentazione
research paper,elaborato / ricerca
plagiarism,plagio
citation,citazione
to pass an exam,superare un esame
to fail an exam,non superare un esame
to graduate,laurearsi
canteen,mensa
dormitory,dormitorio / residenza universitaria
curriculum,programma
semester,semestre
tuition fee,tassa universitaria
work,lavoro
job,lavoro / impiego
career,carriera
salary,stipendio
wage,salario
income,reddito
money,soldi / denaro
price,prezzo
cost,costo
budget,budget
profit,profitto
loss,perdita
tax,tassa / imposta
bill,conto / fattura
receipt,ricevuta
contract,contratto
meeting,riunione
project,progetto
report,relazione / rapporto
email,email
company,azienda
team,squadra / team
interview,colloquio
application,candidatura
resume,curriculum vitae
investment,investimento
loan,prestito
debt,debito
savings,risparmi
insurance,assicurazione
pension,pensione
trade union,sindacato
stock market,borsa
crisis,crisi
economy,economia
industry,industria
product,prodotto
brand,marca / brand
quality,qualità
offer,offerta
sale,vendita
discount,sconto
business,affari
entrepreneur,imprenditore
startup,startup
office,ufficio
overtime,straordinario
shift,turno
promotion,promozione
unemployment,disoccupazione
freelance,libero professionista
workshop,laboratorio / workshop
conference,conferenza
deadline,scadenza
target,obiettivo
strategy,strategia
negotiation,negoziazione
partnership,partnership
computer,computer
laptop,laptop / portatile
phone,telefono
smartphone,smartphone / cellulare
tablet,tablet
screen,schermo
keyboard,tastiera
mouse,mouse
cable,cavo
internet,internet
website,sito web
app,app
software,software
program,programma
file,file
folder,cartella
password,password
account,account
message,messaggio
photo,foto
video,video
camera,fotocamera / telecamera
television,televisione
radio,radio
battery,batteria
charger,caricabatterie
printer,stampante
network,rete
data,dati
cloud,cloud
username,nome utente
notification,notifica
algorithm,algoritmo
database,database
operating system,sistema operativo
programming,programmazione
bug,bug / errore
update,aggiornamento
download,download
upload,caricamento
wi-fi,wi-fi
bluetooth,bluetooth
cybersecurity,sicurezza informatica
encryption,crittografia
artificial intelligence,intelligenza artificiale
virtual reality,realtà virtuale
3D printing,stampa 3D
automation,automazione
social media,social media
streaming,streaming
e-commerce,commercio elettronico
digital,digitale
health,salute
illness,malattia
pain,dolore
fever,febbre
cold,raffreddore
flu,influenza
allergy,allergia
medicine,medicina / farmaco
pill,pillola
injection,iniezione
bandage,benda
operation,operazione
appointment,appuntamento
diet,dieta
sleep,sonno
stress,stress
weight,peso
headache,mal di testa
stomachache,mal di stomaco
toothache,mal di denti
back pain,mal di schiena
prescription,ricetta
symptom,sintomo
diagnosis,diagnosi
treatment,trattamento
vaccine,vaccino
virus,virus
bacteria,batteri
blood pressure,pressione sanguigna
heart rate,frequenza cardiaca
first aid,pronto soccorso
emergency,emergenza
waiting room,sala d'attesa
doctor's office,studio medico
checkup,visita di controllo
surgery,chirurgia / intervento
recovery,guarigione / recupero
prevention,prevenzione
hygiene,igiene
disinfectant,disinfettante
ambulance,ambulanza
wheelchair,sedia a rotelle
crutches,stampelle
pharmacy,farmacia
blood test,analisi del sangue
X-ray,radiografia
scan,scansione / ecografia
thermometer,termometro
clothes,vestiti / abbigliamento
shirt,camicia
t-shirt,maglietta
pants,pantaloni
jeans,jeans
dress,vestito / abito
skirt,gonna
jacket,giacca
coat,cappotto
sweater,maglione
suit,abito / completo
tie,cravatta
shoes,scarpe
boots,stivali
socks,calzini
hat,cappello
cap,berretto
scarf,sciarpa
gloves,guanti
glasses,occhiali
sunglasses,occhiali da sole
bag,borsa
ring,anello
watch,orologio
necklace,collana
earring,orecchino
bracelet,braccialetto
umbrella,ombrello
belt,cintura
pocket,tasca
button,bottone
zipper,cerniera
underwear,biancheria intima
pajamas,pigiama
swimsuit,costume da bagno
sportswear,abbigliamento sportivo
raincoat,impermeabile
sandals,sandali
sneakers,scarpe da ginnastica
heel,tacco
fur coat,pelliccia
leather jacket,giubbotto di pelle
hoodie,felpa con cappuccio
shorts,pantaloncini
silk,seta
cotton,cotone
wool,lana
linen,lino
idea,idea
thought,pensiero
opinion,opinione
feeling,sentimento
dream,sogno
memory,memoria / ricordo
imagination,immaginazione
decision,decisione
choice,scelta
plan,piano
goal,obiettivo
wish,desiderio
hope,speranza
fear,paura
love,amore
hate,odio
joy,gioia
sadness,tristezza
anger,rabbia
surprise,sorpresa
trust,fiducia
respect,rispetto
friendship,amicizia
freedom,libertà
peace,pace
war,guerra
danger,pericolo
luck,fortuna
success,successo
failure,fallimento
mistake,errore
problem,problema
solution,soluzione
reason,ragione / motivo
cause,causa
effect,effetto
result,risultato
experience,esperienza
advice,consiglio
rule,regola
law,legge
right,diritto
responsibility,responsabilità
truth,verità
lie,bugia
importance,importanza
value,valore
difference,differenza
similarity,somiglianza
change,cambiamento
progress,progresso
culture,cultura
tradition,tradizione
religion,religione
politics,politica
society,società
environment,ambiente
science,scienza
technology,tecnologia
education,istruzione / educazione
opportunity,opportunità
risk,rischio
loneliness,solitudine
nostalgia,nostalgia
enthusiasm,entusiasmo
passion,passione
guilt,colpa
pride,orgoglio
gratitude,gratitudine
relief,sollievo
boredom,noia
anxiety,ansia
empathy,empatia
compassion,compassione
courage,coraggio
patience,pazienza
generosity,generosità
honesty,onestà
loyalty,lealtà
justice,giustizia
equality,uguaglianza
to be,essere
to have,avere
to do / make,fare
to say,dire
to go,andare
to come,venire
to know (a fact),sapere
to know (a person),conoscere
to think,pensare
to see,vedere
to want,volere
to give,dare
to take,prendere
to find,trovare
to tell,raccontare / dire
to ask,chiedere
to work,lavorare
to call,chiamare
to try,provare / cercare
to need,aver bisogno di
to feel,sentire / sentirsi
to become,diventare
to leave,partire / lasciare
to mean,significare
to keep,tenere / mantenere
to let,lasciare
to begin,iniziare / cominciare
to show,mostrare
to hear,sentire
to play,giocare / suonare
to run,correre
to move,muoversi / spostarsi
to live,vivere
to believe,credere
to hold,tenere
to bring,portare
to write,scrivere
to stand,stare in piedi
to lose,perdere
to pay,pagare
to meet,incontrare
to learn,imparare
to change,cambiare
to lead,guidare / condurre
to understand,capire
to watch,guardare
to follow,seguire
to stop,fermarsi / smettere
to create,creare
to speak,parlare
to read,leggere
to spend (time),trascorrere / passare
to spend (money),spendere
to grow,crescere
to open,aprire
to close,chiudere
to walk,camminare
to win,vincere
to offer,offrire
to remember,ricordare
to love,amare
to buy,comprare
to wait,aspettare
to die,morire
to send,mandare / inviare
to build,costruire
to stay,restare / rimanere
to fall,cadere
to cut,tagliare
to reach,raggiungere
to sell,vendere
to decide,decidere
to return,tornare / restituire
to explain,spiegare
to hope,sperare
to develop,sviluppare
to carry,portare
to break,rompere
to receive,ricevere
to agree,essere d'accordo
to support,supportare / sostenere
to eat,mangiare
to drink,bere
to sleep,dormire
to sit,sedersi
to help,aiutare
to travel,viaggiare
to fly,volare
to swim,nuotare
to cook,cucinare
to drive,guidare
to turn,girare
to pull,tirare
to push,spingere
to jump,saltare
to throw,lanciare
to catch,prendere / afferrare
to sing,cantare
to dance,ballare
to laugh,ridere
to cry,piangere
to smile,sorridere
to kiss,baciare
to hug,abbracciare
to fight,combattere / litigare
to choose,scegliere
to use,usare / utilizzare
to clean,pulire
to fix,riparare
to start,iniziare / partire
to finish,finire
to check,controllare
to plan,pianificare
to prepare,preparare
to measure,misurare
to count,contare
to share,condividere
to visit,visitare
to invite,invitare
to accept,accettare
to refuse,rifiutare
to forget,dimenticare
to forgive,perdonare
to promise,promettere
to suggest,suggerire
to recommend,consigliare
to thank,ringraziare
to greet,salutare
to introduce,presentare
to confirm,confermare
to cancel,annullare
to reserve,prenotare
to order,ordinare
to borrow,prendere in prestito
to lend,prestare
to rent,affittare
to earn,guadagnare
to save,risparmiare
to manage,gestire
to organize,organizzare
to solve,risolvere
to protect,proteggere
to avoid,evitare
to allow,permettere
to prevent,prevenire
to improve,migliorare
to increase,aumentare
to decrease,diminuire
to collect,raccogliere
to search,cercare
to find out,scoprire
to notice,notare
to imagine,immaginare
to worry,preoccuparsi
to enjoy,godere / divertirsi
to suffer,soffrire
to celebrate,festeggiare
to relax,rilassarsi
to study,studiare
to teach,insegnare
to draw,disegnare
to paint,dipingere
to photograph,fotografare
to record,registrare
to print,stampare
to save (file),salvare
to delete,eliminare / cancellare
to install,installare
to download,scaricare
to upload,caricare
to connect,connettere / collegare
to translate,tradurre
to repeat,ripetere
to practice,praticare / esercitarsi
to hire,assumere
to fire,licenziare
to apply,candidarsi
to retire,andare in pensione
to participate,partecipare
to compare,confrontare
to lie down,sdraiarsi
to stand up,alzarsi in piedi
to sit down,sedersi
to get up,alzarsi
to wake up,svegliarsi
to fall asleep,addormentarsi
to get dressed,vestirsi
to get undressed,svestirsi
to hurry,affrettarsi / sbrigarsi
to calm down,calmarsi
to fall in love,innamorarsi
to get lost,perdersi
to get used to,abituarsi a
to complain,lamentarsi
to apologize,scusarsi
to concentrate,concentrarsi
to taste,assaggiare
to smell,annusare
to touch,toccare
to hear,udire
to look at,guardare
to listen to,ascoltare
I am,io sono
you are (sg.),tu sei
he / she is,lui / lei è
we are,noi siamo
you are (pl.),voi siete
they are,loro sono
I have,io ho
you have (sg.),tu hai
he / she has,lui / lei ha
we have,noi abbiamo
you have (pl.),voi avete
they have,loro hanno
I go,io vado
you go (sg.),tu vai
he / she goes,lui / lei va
we go,noi andiamo
you go (pl.),voi andate
they go,loro vanno
I come,io vengo
you come (sg.),tu vieni
he / she comes,lui / lei viene
we come,noi veniamo
you come (pl.),voi venite
they come,loro vengono
I do / make,io faccio
you do (sg.),tu fai
he / she does,lui / lei fa
we do,noi facciamo
you do (pl.),voi fate
they do,loro fanno
I say,io dico
you say (sg.),tu dici
he / she says,lui / lei dice
we say,noi diciamo
you say (pl.),voi dite
they say,loro dicono
I give,io do
you give (sg.),tu dai
he / she gives,lui / lei dà
we give,noi diamo
you give (pl.),voi date
they give,loro danno
I stay / am,io sto
you stay (sg.),tu stai
he / she stays,lui / lei sta
we stay,noi stiamo
you stay (pl.),voi state
they stay,loro stanno
I know (a fact),io so
you know (sg.),tu sai
he / she knows,lui / lei sa
we know,noi sappiamo
you know (pl.),voi sapete
they know,loro sanno
I want,io voglio
you want (sg.),tu vuoi
he / she wants,lui / lei vuole
we want,noi vogliamo
you want (pl.),voi volete
they want,loro vogliono
I can,io posso
you can (sg.),tu puoi
he / she can,lui / lei può
we can,noi possiamo
you can (pl.),voi potete
they can,loro possono
I must / have to,io devo
you must (sg.),tu devi
he / she must,lui / lei deve
we must,noi dobbiamo
you must (pl.),voi dovete
they must,loro devono
I go out,io esco
you go out (sg.),tu esci
he / she goes out,lui / lei esce
we go out,noi usciamo
you go out (pl.),voi uscite
they go out,loro escono
I hold / keep,io tengo
you hold (sg.),tu tieni
he / she holds,lui / lei tiene
we hold,noi teniamo
you hold (pl.),voi tenete
they hold,loro tengono
I choose,io scelgo
you choose (sg.),tu scegli
he / she chooses,lui / lei sceglie
we choose,noi scegliamo
they choose,loro scelgono
I drink,io bevo
you drink (sg.),tu bevi
he / she drinks,lui / lei beve
we drink,noi beviamo
they drink,loro bevono
I put / place,io pongo
you put (sg.),tu poni
he / she puts,lui / lei pone
we put,noi poniamo
they put,loro pongono
I sit,io siedo / seggo
you sit (sg.),tu siedi
he / she sits,lui / lei siede
we sit,noi sediamo
they sit,loro siedono
I remain / stay,io rimango
you remain (sg.),tu rimani
he / she remains,lui / lei rimane
we remain,noi rimaniamo
they remain,loro rimangono
I die,io muoio
you die (sg.),tu muori
he / she dies,lui / lei muore
we die,noi moriamo
they die,loro muoiono
I hear (formal),io odo
you hear (sg.),tu odi
he / she hears,lui / lei ode
I climb,io salgo
you climb (sg.),tu sali
he / she climbs,lui / lei sale
we climb,noi saliamo
they climb,loro salgono
I translate,io traduco
you translate (sg.),tu traduci
he / she translates,lui / lei traduce
we translate,noi traduciamo
they translate,loro traducono
I have been,io sono stato/a
I have had,io ho avuto
I have gone,io sono andato/a
I have come,io sono venuto/a
I have done / made,io ho fatto
I have said,io ho detto
I have given,io ho dato
I have seen,io ho visto
I have written,io ho scritto
I have read,io ho letto
I have spoken,io ho parlato
I have eaten,io ho mangiato
I have drunk,io ho bevuto
I have slept,io ho dormito
I have arrived,io sono arrivato/a
I have left,io sono partito/a
I have stayed,io sono rimasto/a
I have fallen,io sono caduto/a
I have returned,io sono tornato/a
I have bought,io ho comprato
I have paid,io ho pagato
I have found,io ho trovato
I have taken,io ho preso
I have put,io ho messo
I have lost,io ho perso
I have won,io ho vinto
I have broken,io ho rotto
I have opened,io ho aperto
I have closed,io ho chiuso
I have asked,io ho chiesto
I have answered,io ho risposto
I have thought,io ho pensato
I have understood,io ho capito
I have received,io ho ricevuto
I have sent,io ho mandato
I have called,io ho chiamato
I have tried,io ho provato
I have learned,io ho imparato
I have chosen,io ho scelto
I have decided,io ho deciso
I have lived,io ho vissuto
I have worked,io ho lavorato
I have helped,io ho aiutato
I have played,io ho giocato
I have laughed,io ho riso
I have cried,io ho pianto
I was (ongoing past),io ero (imperfetto)
I had (ongoing past),io avevo
I was going (ongoing past),io andavo
I was eating,io mangiavo
I was sleeping,io dormivo
I was working,io lavoravo
I used to go,andavo
I used to eat,mangiavo
when I was a child,quando ero bambino/a
every day I would,ogni giorno
to be → been,essere → stato
to have → had,avere → avuto
to do → done,fare → fatto
to say → said,dire → detto
to go → gone,andare → andato
to come → come,venire → venuto
to see → seen,vedere → visto
to write → written,scrivere → scritto
to read → read,leggere → letto
to take → taken,prendere → preso
to give → given,dare → dato
to find → found,trovare → trovato
to open → opened,aprire → aperto
to close → closed,chiudere → chiuso
to lose → lost,perdere → perso
to win → won,vincere → vinto
to break → broken,rompere → rotto
to ask → asked,chiedere → chiesto
to answer → answered,rispondere → risposto
to stay → stayed,rimanere → rimasto
to put → put,mettere → messo
to choose → chosen,scegliere → scelto
to drink → drunk,bere → bevuto
to fall → fallen,cadere → caduto
to live → lived,vivere → vissuto
to die → died,morire → morto
to run → run,correre → corso
to translate → translated,tradurre → tradotto
to understand → understood,capire → capito
to decide → decided,decidere → deciso
to know → known,sapere → saputo
to be born → born,nascere → nato
to arrive → arrived,arrivare → arrivato
to leave → left,partire → partito
good,buono
bad,cattivo
big,grande
small,piccolo
new,nuovo
old,vecchio
fast,veloce
slow,lento
hot,caldo
cold,freddo
warm,tiepido / caldo
cool,fresco
long,lungo
short,corto
wide,largo
narrow,stretto
high,alto
low,basso
deep,profondo
flat,piatto
heavy,pesante
light,leggero
hard,duro
soft,morbido
strong,forte
weak,debole
loud,forte / rumoroso
quiet,silenzioso
beautiful,bello
ugly,brutto
clean,pulito
dirty,sporco
empty,vuoto
full,pieno
open,aperto
closed,chiuso
free,libero
busy,occupato
easy,facile
difficult,difficile
possible,possibile
impossible,impossibile
necessary,necessario
important,importante
interesting,interessante
boring,noioso
funny,divertente / buffo
serious,serio
polite,educato / cortese
rude,scortese / maleducato
kind,gentile
mean,cattivo / meschino
honest,onesto
FALSE,falso
TRUE,vero
real,reale / vero
strange,strano
normal,normale
special,speciale
simple,semplice
complex,complesso
happy,felice
sad,triste
angry,arrabbiato
afraid,spaventato
surprised,sorpreso
tired,stanco
hungry,affamato
thirsty,assetato
sick,malato
healthy,sano
rich,ricco
poor,povero
expensive,caro
cheap,economico
clever,intelligente / furbo
stupid,stupido
brave,coraggioso
cowardly,codardo
lazy,pigro
diligent,diligente
patient,paziente
impatient,impaziente
generous,generoso
selfish,egoista
ambitious,ambizioso
creative,creativo
reliable,affidabile
flexible,flessibile
shy,timido
confident,sicuro di sé
curious,curioso
talkative,chiacchierone
sensitive,sensibile
stubborn,testardo
naive,ingenuo
mature,maturo
modern,moderno
traditional,tradizionale
ancient,antico
dangerous,pericoloso
safe,sicuro
comfortable,comodo
popular,popolare
famous,famoso
married,sposato
divorced,divorziato
single,single / celibe / nubile
educated,istruito
experienced,esperto
qualified,qualificato
good – better – best,buono – migliore – il migliore
bad – worse – worst,cattivo – peggiore – il peggiore
big – bigger – biggest,grande – più grande – il più grande
small – smaller – smallest,piccolo – più piccolo – il più piccolo
much / many – more – most,molto – di più – il più
little / few – less – least,poco – meno – il meno
tall – taller – tallest,alto – più alto – il più alto
old – older – oldest,vecchio – più vecchio – il più vecchio
young – younger – youngest,giovane – più giovane – il più giovane
expensive – more – most expensive,caro – più caro – il più caro
fast – faster – fastest,veloce – più veloce – il più veloce
beautiful – more – most beautiful,bello – più bello – il più bello
as big as,grande quanto / così grande come
bigger than,più grande di
the biggest,il più grande
as fast as possible,il più velocemente possibile
better than expected,meglio del previsto
"the more you practice, the better","più pratichi, meglio è"
the sooner the better,"prima è, meglio è"
even better,ancora meglio
much worse,molto peggio
not as good as,non così buono come
twice as big,grande il doppio
now,adesso / ora
then,poi / allora
soon,presto
later,dopo / più tardi
before,prima
after,dopo
already,già
still,ancora
no longer,non più
again,di nuovo / ancora
always,sempre
never,mai
often,spesso
sometimes,a volte
usually,di solito
rarely,raramente
finally,finalmente
suddenly,improvvisamente
immediately,subito / immediatamente
gradually,gradualmente
recently,recentemente
nowadays,oggigiorno
daily,quotidianamente
weekly,settimanalmente
monthly,mensilmente
yearly,annualmente
early,presto
late,tardi
on time,in orario / puntuale
here,qui / qua
there,lì / là
everywhere,ovunque
nowhere,da nessuna parte
somewhere,da qualche parte
upstairs,di sopra
downstairs,di sotto
inside,dentro
outside,fuori
nearby,vicino
far away,lontano
abroad,all'estero
at home,a casa
straight ahead,dritto
to the left,a sinistra
to the right,a destra
quickly,velocemente
slowly,lentamente
carefully,con cura
easily,facilmente
together,insieme
alone,da solo/a
on purpose,apposta / di proposito
by chance,per caso
accidentally,accidentalmente
gladly,volentieri
reluctantly,a malincuore
approximately,circa / approssimativamente
exactly,esattamente
almost,quasi
at least,almeno
at most,al massimo
especially,specialmente
mainly,principalmente
above all,soprattutto
otherwise,altrimenti
anyway,comunque
actually,in realtà / effettivamente
indeed,davvero / infatti
unfortunately,purtroppo
fortunately,fortunatamente
clearly,chiaramente
apparently,apparentemente
very,molto
quite,abbastanza
too,troppo
enough,abbastanza
extremely,estremamente
fairly,abbastanza
rather,piuttosto
more,di più / più
less,meno
perhaps,forse
probably,probabilmente
certainly,certamente
definitely,sicuramente
maybe,forse
really,davvero
truly,veramente
so,così
too (also),anche
only,solo / soltanto
even,anche / persino
just,appena / solo
yet,ancora / però
in,in
on,su
at,a
to,a / verso
from,da
of,di
with,con
without,senza
for,per
by,da / per
about,di / su / circa
through,attraverso
between,tra / fra
among,tra / fra
behind,dietro
in front of,davanti a
next to,accanto a
opposite,di fronte a
above,sopra
below,sotto
near,vicino a
far from,lontano da
along,lungo
around,intorno a
against,contro
despite,nonostante
according to,secondo
instead of,invece di
because of,a causa di
thanks to,grazie a
during,durante
after,dopo
before,prima di
since,da
until,fino a
and,e
or,o
but,ma
because,perché
although,sebbene / benché / anche se
if,se
when,quando
while,mentre
since (time),da quando
until (conj.),finché
so that,affinché / così che
in order to,per
as soon as,appena
as long as,finché
whether,se
that (conj.),che
however,però / tuttavia
therefore,quindi / perciò
moreover,inoltre
nevertheless,tuttavia
on the other hand,d'altra parte
in addition,in aggiunta / inoltre
for example,per esempio / ad esempio
in other words,in altre parole
both ... and ...,sia ... che ...
either ... or ...,o ... o ...
neither ... nor ...,né ... né ...
not only ... but also ...,non solo ... ma anche ...
not,non
never,mai
nobody,nessuno
nothing,niente / nulla
not at all,per niente
not yet,non ancora
no longer,non più
Hello!,Ciao! / Salve!
Good morning!,Buongiorno!
Good afternoon!,Buon pomeriggio!
Good evening!,Buona sera!
Good night!,Buona notte!
Goodbye!,Arrivederci!
See you later!,A dopo!
See you soon!,A presto!
Bye! (informal),Ciao!
How are you?,Come stai? / Come sta?
"I'm fine, thank you.","Sto bene, grazie."
Not so well.,Non molto bene.
So so.,Così così.
Please.,Per favore / Per piacere.
Thank you.,Grazie.
Thank you very much.,Grazie mille.
You're welcome.,Prego.
Excuse me.,Scusi / Scusa.
I'm sorry.,Mi dispiace.
No problem.,Nessun problema.
Of course!,Certo!
Good luck!,In bocca al lupo!
Reply to 'in bocca al lupo',Crepi!
Have fun!,Divertiti!
Congratulations!,Complimenti! / Congratulazioni!
Happy birthday!,Buon compleanno!
Merry Christmas!,Buon Natale!
Happy New Year!,Buon Anno!
Cheers!,Salute! / Cin cin!
Bless you!,Salute!
Get well soon!,Guarisci presto!
Help!,Aiuto!
What's your name?,Come ti chiami? / Come si chiama?
My name is...,Mi chiamo...
Where are you from?,Di dove sei?
I'm from Hungary.,Sono ungherese / Vengo dall'Ungheria.
I live in Rome.,Abito a Roma.
Nice to meet you.,Piacere di conoscerti.
Do you speak Italian?,Parli italiano?
I don't understand.,Non capisco.
Could you repeat that?,Puoi ripetere? / Può ripetere?
Could you speak more slowly?,Puoi parlare più lentamente?
What does that mean?,Cosa significa?
How do you say... in Italian?,Come si dice... in italiano?
Can you help me?,Puoi aiutarmi?
I would like...,Vorrei...
I need...,Ho bisogno di...
How much does it cost?,Quanto costa?
Where is the toilet?,Dov'è il bagno?
"The bill, please.","Il conto, per favore."
Enjoy your meal!,Buon appetito!
It was delicious!,Era delizioso!
Turn left.,Giri a sinistra.
Turn right.,Giri a destra.
Go straight ahead.,Vada dritto.
It's sunny.,C'è il sole.
It's raining.,Piove.
It's snowing.,Nevica.
It's cold.,Fa freddo.
It's hot.,Fa caldo.
I think that...,Penso che...
In my opinion...,A mio avviso... / Secondo me...
I agree.,Sono d'accordo.
I disagree.,Non sono d'accordo.
I'm not sure.,Non sono sicuro/a.
Maybe.,Forse.
Definitely.,Sicuramente.
That's great!,Che bello! / Ottimo!
I like it.,Mi piace.
I don't like it.,Non mi piace.
I'm happy.,Sono felice.
I'm tired.,Sono stanco/a.
I'm hungry.,Ho fame.
I'm thirsty.,Ho sete.
I'm in a hurry.,Sono di fretta.
I have time.,Ho tempo.
Let's go!,Andiamo!
What happened?,Cos'è successo?
Are you ready?,Sei pronto/a?
How was your day?,Com'è andata la giornata?
Never mind.,Non importa.
It doesn't matter.,Non fa niente.
Really?!,Davvero?!
Are you serious?,Sul serio?
No way!,Impossibile! / Ma dai!
What a coincidence!,Che coincidenza!
I see.,"Capisco. / Ah, capito."
That makes sense.,Ha senso.
I'll think about it.,Ci penserò.
That's a good idea.,Buona idea.
You're right.,Hai ragione.
"One moment, please.","Un momento, per favore."
Keep going!,Continua!
Don't give up!,Non mollare!
You can do it!,Ce la fai!
Well done!,Bravo/a!
I would go,io andrei
I would buy,io comprerei
I would eat,io mangerei
I would like,vorrei
I would be,io sarei
you would be (sg.),tu saresti
he / she would be,lui / lei sarebbe
we would be,noi saremmo
they would be,loro sarebbero
I would have,io avrei
you would have (sg.),tu avresti
he would have,lui avrebbe
we would have,noi avremmo
I could,io potrei
you could (sg.),tu potresti
he could,lui / lei potrebbe
we could,noi potremmo
they could,loro potrebbero
I would have to,io dovrei
he would have to,lui / lei dovrebbe
we would have to,noi dovremmo
I should,io dovrei
If I were rich...,Se fossi ricco/a...
If I had more time...,Se avessi più tempo...
I wish I could fly.,Vorrei poter volare.
I would travel if I had money.,Viaggerei se avessi soldi.
"Could you help me, please?","Potresti aiutarmi, per favore?"
That would be great.,Sarebbe fantastico.
It would be better to...,Sarebbe meglio...
I would prefer...,Preferirei...
What would you do?,Cosa faresti?
I should have said that.,Avrei dovuto dirlo.
He could have come.,Avrebbe potuto venire.
I wish it were true.,Magari fosse vero.
Would you mind if I...?,Ti dispiace se...?
I'd appreciate it if you could...,Ti sarei grato se potessi...
I think that he is tired. (conj.),Penso che sia stanco.
I hope that it is true. (conj.),Spero che sia vero.
She wants him to come. (conj.),Vuole che lui venga.
It's important that you know.,È importante che tu sappia.
Although it's raining... (conj.),Sebbene stia piovendo...
Without knowing.,Senza sapere.
Come! (tu),Vieni!
Go! (tu),Vai!
Wait! (tu),Aspetta!
Stop! (tu),Fermati!
Listen! (tu),Ascolta!
Look! (tu),Guarda!
Sit down! (tu),Siediti!
Stand up! (tu),Alzati!
Come in! (tu),Entra!
Go out! (tu),Esci!
Be quiet! (tu),Stai zitto/a!
Be careful! (tu),Stai attento/a!
Help me! (tu),Aiutami!
Read this! (tu),Leggi questo!
Speak slowly! (tu),Parla lentamente!
Tell me! (tu),Dimmi!
Give me! (tu),Dammi!
Take it! (tu),Prendilo!
Bring it! (tu),Portalo!
Eat! (tu),Mangia!
Drink! (tu),Bevi!
Write! (tu),Scrivi!
Open! (tu),Apri!
Close! (tu),Chiudi!
Turn left! (tu),Gira a sinistra!
Call me! (tu),Chiamami!
Follow me! (tu),Seguimi!
Trust me! (tu),Fidati di me!
Forget it! (tu),Dimenticalo!
Think! (tu),Pensa!
Try! (tu),Prova!
Come in! (Lei – formal),Entri!
Please wait! (Lei),"Prego, aspetti."
Please sit down! (Lei),Si accomodi.
Please speak slowly! (Lei),Parli lentamente.
Let's go!,Andiamo!
Let's eat!,Mangiamo!
Let's start!,Iniziamo!
Don't worry!,Non preoccuparti!
Don't forget!,Non dimenticare!
Don't touch!,Non toccare!
Don't run!,Non correre!
Don't be late!,Non fare tardi!
Do it!,Fallo!
to kill two birds with one stone,prendere due piccioni con una fava
to pull someone's leg,prendere in giro qualcuno
to hit the nail on the head,colpire nel segno
once in a blue moon,ogni morte di papa
break a leg!,In bocca al lupo!
to be all thumbs,essere negato per qualcosa
to let the cat out of the bag,lasciarsi sfuggire un segreto
to get cold feet,avere i piedi di piombo / tirarsi indietro
to be on cloud nine,essere al settimo cielo
to sleep on it,dormirci su
to read between the lines,leggere tra le righe
to be in the same boat,essere nella stessa barca
to spill the beans,vuotare il sacco
to add fuel to the fire,aggiungere benzina al fuoco
to throw in the towel,gettare la spugna
to be green with envy,essere verde di invidia
every cloud has a silver lining,non tutto il male vien per nuocere
better late than never,meglio tardi che mai
time is money,il tempo è denaro
practice makes perfect,l'esercizio fa il maestro
no pain no gain,"nessuna fatica, nessun guadagno"
the early bird catches the worm,chi dorme non piglia pesci
to have butterflies in one's stomach,avere le farfalle nello stomaco
to be head over heels in love,essere perdutamente innamorato/a
to put one's foot in one's mouth,mettere i piedi in fallo / fare una gaffe
to be all ears,essere tutt'orecchi
to keep one's fingers crossed,incrociare le dita
to hit the road,mettersi in cammino
to go with the flow,andare con la corrente
to scratch the surface,scalfire la superficie
to burn the midnight oil,lavorare fino a tardi
to bite off more than you can chew,essere troppo ambiziosi
to lose one's temper,perdere la pazienza
actions speak louder than words,i fatti contano più delle parole
when pigs fly,quando voleranno i maiali / mai
to have one's hands full,avere le mani in pasta
to make a long story short,farla breve
to cost a pretty penny,costare un occhio della testa
to tie the knot,sposarsi / fare il grande passo
to call it a day,chiudere bottega
to be a wolf in sheep's clothing,essere un lupo in veste di agnello
to be behind the times,essere fuori moda / antiquato
to be on the same page,essere sulla stessa lunghezza d'onda
to put all eggs in one basket,mettere tutte le uova in un paniere
to take the bull by the horns,prendere il toro per le corna
to let sleeping dogs lie,non svegliare il can che dorme
to be on thin ice,essere in una situazione rischiosa
to make a mountain out of a molehill,fare di una mosca un elefante
to bite the bullet,mordere il proiettile / stringere i denti
all that glitters is not gold,non è tutto oro quel che luccica
better safe than sorry,prevenire è meglio che curare
to give someone the cold shoulder,trattare qualcuno con freddezza
"out of sight, out of mind","lontano dagli occhi, lontano dal cuore"
to be at the right place at the right time,essere al posto giusto al momento giusto
it takes two to tango,ci vogliono due per litigare
Where have you been?,Dove sei stato/a?
I was at the office.,Ero in ufficio.
I had a lot to do.,Avevo molto da fare.
Did you have a good day?,Hai passato una buona giornata?
It was exhausting.,Era estenuante.
I'm staying home.,Resto a casa.
Would you like to join us?,Vuoi venire con noi?
Unfortunately I can't.,Purtroppo non posso.
Maybe next time.,Magari la prossima volta.
Do you have this in a larger size?,Lo avete in una taglia più grande?
I'd like to try this on.,Vorrei provarlo.
It fits perfectly.,Va a pennello.
It's a bit too tight.,È un po' troppo stretto.
I'll take it.,Lo prendo.
Can I pay by card?,Posso pagare con la carta?
I'd like to return this.,Vorrei restituire questo.
"A table for two, please.","Un tavolo per due, per favore."
What do you recommend?,Cosa consiglia?
I'm a vegetarian.,Sono vegetariano/a.
Does this contain gluten?,Contiene glutine?
"Excuse me, where is the station?","Scusi, dov'è la stazione?"
It's about 10 minutes on foot.,Sono circa 10 minuti a piedi.
Take the first street on the left.,Prenda la prima strada a sinistra.
Is it far from here?,È lontano da qui?
Which line do I take?,Quale linea devo prendere?
You need to change.,Deve cambiare.
I have a reservation.,Ho una prenotazione.
Is breakfast included?,La colazione è inclusa?
What time is check-out?,A che ora è il check-out?
Where does it hurt?,Dove fa male?
It hurts here.,Fa male qui.
I need a prescription.,Ho bisogno di una ricetta.
Do you have any allergies?,Ha allergie?
When does the shift start?,Quando inizia il turno?
I need to take a day off.,Devo prendere un giorno di ferie.
The project is on track.,Il progetto è nei tempi.
We missed the deadline.,Abbiamo perso la scadenza.
Can you send me the report?,Puoi mandarmi il rapporto?
I'll get back to you.,Mi farò vivo/a.
I can't hear you very well.,Non ti sento bene.
My battery is almost dead.,La mia batteria è quasi scarica.
Have you tried turning it off and on?,Hai provato a spegnerlo e riaccenderlo?
I'm looking for...,Sto cercando...
Could you write that down?,Potrebbe scriverlo?
What time does the shop close?,A che ora chiude il negozio?
Is this seat taken?,È occupato questo posto?
How long have you been learning Italian?,Da quanto studi l'italiano?
I've been studying for two years.,Studio da due anni.
Can I take a picture here?,Posso fare una foto qui?
Is the museum open today?,Il museo è aperto oggi?
How long is the waiting time?,Quanto si aspetta?
That's not what I ordered.,Non è quello che ho ordinato.
The product is defective.,Il prodotto è difettoso.
I'd like a refund.,Vorrei un rimborso.
I have a voucher.,Ho un buono sconto.
Who?,Chi?
Whom?,Chi? / A chi?
Whose?,Di chi?
What?,Che cosa? / Cosa?
Where?,Dove?
Where to?,Dove? / Dove vai?
Where from?,Da dove?
When?,Quando?
Why?,Perché?
How?,Come?
How much?,Quanto?
How many?,Quanti / Quante?
How long?,Quanto tempo?
How often?,Ogni quanto?
Which?,Quale?
What kind of?,Che tipo di?
With what?,Con cosa?
About what?,Di cosa?
For what?,Per cosa?
With whom?,Con chi?
What is your name?,Come ti chiami?
Where do you live?,Dove abiti?
What do you do?,Cosa fai? / Che lavoro fai?
How old are you?,Quanti anni hai?
Where are you going?,Dove vai?
When does it start?,Quando inizia?
Why are you late?,Perché sei in ritardo?
How long have you been here?,Da quanto sei qui?
How many people are there?,Quante persone ci sono?
What time is it?,Che ore sono? / Che ora è?
Do you understand?,Capisci?
Do you have time?,Hai tempo?
Is everything okay?,Va tutto bene?
How does this work?,Come funziona?
Did you eat?,Hai mangiato?
Are you coming?,Vieni?
Is she here?,È qui?
Can you help?,Puoi aiutare?
What are you thinking about?,A cosa stai pensando?
What are you looking for?,Cosa stai cercando?
Have you ever been to Italy?,Sei mai stato/a in Italia?
Do you like pizza?,Ti piace la pizza?
Are you married?,Sei sposato/a?
Do you have children?,Hai figli?
What's the weather like?,Com'è il tempo?
What do you think?,Cosa ne pensi?
football / soccer,calcio
basketball,pallacanestro / basket
volleyball,pallavolo
tennis,tennis
swimming,nuoto
cycling,ciclismo
running,corsa
hiking,escursionismo / trekking
skiing,sci
snowboarding,snowboard
yoga,yoga
dancing,ballo / danza
boxing,pugilato
gymnastics,ginnastica
chess,scacchi
reading,lettura
painting,pittura
photography,fotografia
cooking,cucina
baking,pasticceria
gardening,giardinaggio
knitting,lavoro a maglia
singing,canto
guitar,chitarra
piano,pianoforte
violin,violino
drums,batteria
concert,concerto
film / movie,film
series,serie
episode,episodio / puntata
board game,gioco da tavolo
video game,videogioco
to play football,giocare a calcio
to go swimming,andare a nuotare
to go for a run,andare a correre
to go cycling,andare in bici
to go hiking,fare escursioni / trekking
to go skiing,sciare
to play chess,giocare a scacchi
to do yoga,fare yoga
What are your hobbies?,Quali sono i tuoi hobby?
I like reading.,Mi piace leggere.
I love cooking.,Adoro cucinare.
I go jogging every morning.,Faccio jogging ogni mattina.
I play the guitar.,Suono la chitarra.
I've been playing piano for 5 years.,Suono il pianoforte da 5 anni.
sailing,vela
rowing,canottaggio
climbing,arrampicata
horse riding,equitazione
archery,tiro con l'arco
martial arts,arti marziali
athletics,atletica
Italy,Italia
Rome,Roma
Milan,Milano
Venice,Venezia
Florence,Firenze
Naples,Napoli
Turin,Torino
Bologna,Bologna
Palermo,Palermo
Sicily,Sicilia
Sardinia,Sardegna
Tuscany,Toscana
Lombardy,Lombardia
the Alps,le Alpi
the Apennines,gli Appennini
the Colosseum,il Colosseo
the Pantheon,il Pantheon
the Vatican,il Vaticano
the Sistine Chapel,la Cappella Sistina
gondola,gondola
espresso,caffè espresso
cappuccino,cappuccino
pizza,pizza
pasta,pasta
risotto,risotto
tiramisu,tiramisù
pesto,pesto
mozzarella,mozzarella
prosciutto,prosciutto
gelato,gelato
cannoli,cannoli
bruschetta,bruschetta
aperitivo,aperitivo
prosecco,prosecco
Chianti,Chianti
Ferragosto (August 15),Ferragosto
Carnival,Carnevale
Easter,Pasqua
Christmas,Natale
New Year's Eve,Capodanno
All Saints' Day (Nov 1),Ognissanti / Tutti i Santi
Liberation Day (Apr 25),Festa della Liberazione
Republic Day (Jun 2),Festa della Repubblica
Italian cuisine,cucina italiana
Mediterranean diet,dieta mediterranea
the pope,il papa
the Vatican City,la Città del Vaticano
Piazza Navona,Piazza Navona
Trevi Fountain,Fontana di Trevi
the Grand Canal,il Canal Grande
Piazza San Marco,Piazza San Marco
the Uffizi Gallery,la Galleria degli Uffizi
Leaning Tower of Pisa,Torre di Pisa
Mount Vesuvius,il Vesuvio
Ferrari,Ferrari
Lamborghini,Lamborghini
Fiat,Fiat
opera,opera lirica
classical music,musica classica
Renaissance,Rinascimento
Baroque,Barocco
train ticket,biglietto del treno
platform,binario
boarding pass,carta d'imbarco
suitcase,valigia
hand luggage,bagaglio a mano
checkout,cassa
shopping cart,carrello
price tag,etichetta del prezzo
business trip,viaggio d'affari
business card,biglietto da visita
fitting room,camerino
waiting room,sala d'attesa
emergency exit,uscita di emergenza
fire extinguisher,estintore
fire alarm,allarme antincendio
sports club,club sportivo
art gallery,galleria d'arte
nature reserve,riserva naturale
hiking trail,sentiero escursionistico
world record,record mondiale
mother tongue,lingua madre
foreign language,lingua straniera
language course,corso di lingua
language exchange,scambio linguistico
credit card,carta di credito
bank account,conto bancario
health insurance,assicurazione sanitaria
blood test,esame del sangue
first aid kit,kit di pronto soccorso
climate change,cambiamento climatico
greenhouse effect,effetto serra
renewable energy,energia rinnovabile
solar panel,pannello solare
wind turbine,turbina eolica
carbon footprint,impronta di carbonio
artificial intelligence,intelligenza artificiale
machine learning,apprendimento automatico
virtual reality,realtà virtuale
operating system,sistema operativo
video call,videochiamata
email address,indirizzo email
phone number,numero di telefono
return ticket,biglietto di andata e ritorno
window seat,posto al finestrino
room service,servizio in camera
single room,camera singola
double room,camera doppia
baggage claim,ritiro bagagli
stopover,scalo
exchange rate,tasso di cambio
travel insurance,assicurazione viaggio
sunscreen,crema solare
ATM,bancomat
cash,contanti
coin,moneta
banknote,banconota
tip,mancia
VAT,IVA
invoice,fattura
receipt,ricevuta / scontrino
refund,rimborso
bargain,affare / occasione
membership,abbonamento / tessera
subscription,abbonamento
registration,registrazione / iscrizione
confirmation,conferma
cancellation,cancellazione / disdetta
complaint,reclamo
feedback,feedback / riscontro
review,recensione
rating,valutazione
recommendation,consiglio
certificate,certificato
license,licenza
permit,permesso
visa,visto
passport,passaporto
identity card,carta d'identità
residence permit,permesso di soggiorno
citizenship,cittadinanza
nationality,nazionalità
insurance card,tessera sanitaria
research,ricerca
experiment,esperimento
theory,teoria
hypothesis,ipotesi
analysis,analisi
conclusion,conclusione
innovation,innovazione
invention,invenzione
discovery,scoperta
evolution,evoluzione
revolution,rivoluzione
democracy,democrazia
election,elezione
parliament,parlamento
constitution,costituzione
human rights,diritti umani
corruption,corruzione
protest,protesta
globalization,globalizzazione
immigration,immigrazione
integration,integrazione
discrimination,discriminazione
poverty,povertà
wealth,ricchezza
inequality,disuguaglianza
inflation,inflazione
recession,recessione
growth,crescita
export,esportazione
import,importazione
bankruptcy,fallimento
merger,fusione
startup,startup
ecosystem,ecosistema
biodiversity,biodiversità
cell,cellula
gene,gene
photosynthesis,fotosintesi
immune system,sistema immunitario
antibiotic,antibiotico
pandemic,pandemia
epidemic,epidemia
to make a decision,prendere una decisione
to take a photo,fare una foto
to take a break,fare una pausa
to make progress,fare progressi
to make a mistake,fare un errore
to make a phone call,fare una telefonata
to make an appointment,prendere / fissare un appuntamento
to ask a question,fare una domanda
to give an answer,dare una risposta
to give advice,dare un consiglio
to give a speech,tenere un discorso
to give a present,fare un regalo
to pay attention,prestare attenzione
to keep a promise,mantenere una promessa
to keep a secret,mantenere un segreto
to keep in touch,restare in contatto
to lose weight,perdere peso
to gain weight,aumentare di peso
to lose patience,perdere la pazienza
to hold a meeting,tenere una riunione
to catch a cold,prendere un raffreddore
to break a promise,rompere una promessa
to run out of time,esaurire il tempo
to fall asleep,addormentarsi
to feel at home,sentirsi a casa
to get ready,prepararsi
to get better,stare meglio
to get worse,peggiorare
to get rid of,liberarsi di
to go wrong,andare male
to go on vacation,andare in vacanza
to go for a walk,fare una passeggiata
to go shopping,fare shopping
to go to bed,andare a letto
to be in a good mood,essere di buon umore
to be in a bad mood,essere di cattivo umore
to be late,essere in ritardo
to be right,avere ragione
to be wrong,avere torto
to be afraid of,avere paura di
to be proud of,essere orgoglioso/a di
to be interested in,essere interessato/a in
to be fed up with,essere stufo/a di
to be disappointed with,essere deluso/a da
to be satisfied with,essere soddisfatto/a di
to be looking forward to,non vedere l'ora di
to come to a conclusion,giungere a una conclusione
to fall apart,andare in pezzi
to break the law,violare la legge
to take care of,prendersi cura di
to take advantage of,approfittare di
to take part in,prendere parte a
to take a risk,correre un rischio
to pay a compliment,fare un complimento
to do one's best,fare del proprio meglio
to have fun,divertirsi
to have a good time,passare un bel momento
to have dinner,cenare
to have lunch,pranzare
to have breakfast,fare colazione
color,colore
red,rosso
blue,blu
green,verde
yellow,giallo
black,nero
white,bianco
orange,arancione
purple,viola
pink,rosa
brown,marrone
grey,grigio
light (color),chiaro
dark (color),scuro
shape,forma
circle,cerchio
square,quadrato
triangle,triangolo
line,linea
corner,angolo
size,dimensione / taglia
weight,peso
height,altezza
length,lunghezza
width,larghezza
distance,distanza
speed,velocità
temperature,temperatura
level,livello
amount,quantità
material,materiale
wood,legno
metal,metallo
plastic,plastica
glass,vetro
leather,pelle / cuoio
cotton,cotone
silk,seta
wool,lana
gold,oro
silver,argento
iron,ferro
steel,acciaio
light,luce
shadow,ombra
sound,suono
noise,rumore
energy,energia
power,potenza / forza
heat,calore
pressure,pressione
gravity,gravità
electricity,elettricità
atom,atomo
molecule,molecola
cell (biology),cellula
DNA,DNA
gene,gene
photosynthesis,fotosintesi
morning routine,routine mattutina
evening routine,routine serale
healthy lifestyle,stile di vita sano
balanced diet,dieta equilibrata
physical activity,attività fisica
mental health,salute mentale
well-being,benessere
quality of life,qualità della vita
work-life balance,equilibrio tra lavoro e vita
free time,tempo libero
entertainment,intrattenimento
satisfaction,soddisfazione
happiness,felicità
"Dear Sir/Madam,","Gentile Signore / Gentile Signora,"
"Dear Mr. Rossi,","Egregio Signor Rossi,"
I am writing to you regarding...,Le scrivo riguardo a...
Please find attached...,In allegato trova...
I look forward to hearing from you.,In attesa di una Sua risposta.
"Yours sincerely,","Cordiali saluti,"
"Kind regards,","Distinti saluti,"
In my opinion...,A mio parere... / Secondo me...
This suggests that...,Questo suggerisce che...
To conclude...,In conclusione...
In summary...,In sintesi...
Let's get down to business.,Veniamo al dunque.
That's a deal.,Affare fatto!
All things considered...,Tutto sommato...
The most important thing is...,La cosa più importante è...
sooner or later,prima o poi
more or less,più o meno
step by step,passo dopo passo
sustainable,sostenibile
efficient,efficiente
innovative,innovativo
transparent,trasparente
proactive,proattivo
to be honest,ad essere onesti / onestamente
between you and me,tra me e te
if I understand correctly,se ho capito bene
it seems that,sembra che
apparently,apparentemente
sooner or later,prima o poi
as a matter of fact,in effetti
for this reason,per questo motivo
in other words,in altre parole
at first glance,a prima vista
all the same,lo stesso / ugualmente
I'm looking forward to it.,Non vedo l'ora.
See you next time!,Alla prossima!
It was a pleasure.,È stato un piacere.
I'm impressed.,Sono impressionato/a.
That's incredible!,È incredibile!
I can't believe it.,Non ci posso credere.
I'm proud of you.,Sono orgoglioso/a di te.
You did great!,Hai fatto benissimo!
I feel great today.,Mi sento benissimo oggi.
She is in good shape.,È in forma.
He leads a healthy life.,Conduce una vita sana.
I try to avoid sugar.,Cerco di evitare lo zucchero.
I go to bed early.,Vado a letto presto.
I don't have any cash.,Non ho contanti.
Is there an ATM nearby?,C'è un bancomat qui vicino?
I've lost my wallet.,Ho perso il portafoglio.
Call the police!,Chiama la polizia!
It's an emergency.,È un'emergenza.
I need help.,Ho bisogno di aiuto.
I'm not feeling well.,Non mi sento bene.
I need to see a doctor.,Devo andare dal medico.
Where is the nearest hospital?,Dov'è l'ospedale più vicino?
Can I use your phone?,Posso usare il tuo telefono?
I've been robbed.,Sono stato/a derubato/a.
The emergency number in Italy is 118.,Il numero di emergenza in Italia è il 118.
I was (passato remoto),io fui
I had (p.r.),io ebbi
I went (p.r.),io andai
I came (p.r.),io venni
I did / made (p.r.),io feci
I said (p.r.),io dissi
I gave (p.r.),io diedi / detti
I saw (p.r.),io vidi
I wrote (p.r.),io scrissi
I read (p.r.),io lessi
I took (p.r.),io presi
I asked (p.r.),io chiesi
I answered (p.r.),io risposi
I knew (p.r.),io seppi
I could (p.r.),io potei
I had to (p.r.),io dovetti
I wanted (p.r.),io volli
I drank (p.r.),io bevvi
I lived (p.r.),io vissi
I ran (p.r.),io corsi
I broke (p.r.),io ruppi
I opened (p.r.),io aprii
I closed (p.r.),io chiusi
I lost (p.r.),io persi
I won (p.r.),io vinsi
I remained (p.r.),io rimasi
I put (p.r.),io misi
I chose (p.r.),io scelsi
I fell (p.r.),io caddi
I died (p.r.),io morii
I will go,io andrò
I will be,io sarò
I will have,io avrò
I will do / make,io farò
I will say,io dirò
I will come,io verrò
I will give,io darò
I will see,io vedrò
I will be able to,io potrò
I will have to,io dovrò
I will want,io vorrò
I will know,io saprò
I will hold / keep,io terrò
I will remain,io rimarrò
I will translate,io tradurrò
I will drink,io berrò
I will climb,io salirò
he gives it to me,me lo dà
she sends it to you,te lo manda
I tell it to him,glielo dico
we give it to them,glielo diamo
Can you give it to me?,Me lo puoi dare?
I'll send it to you.,Te lo mando.
He explained it to me.,Me lo ha spiegato.
"in the (m, sg.) → nel",in + il → nel
"in the (f, sg.) → nella",in + la → nella
"in the (m, pl.) → nei",in + i → nei
"in the (f, pl.) → nelle",in + le → nelle
"on the (m, sg.) → sul",su + il → sul
"on the (f, sg.) → sulla",su + la → sulla
"on the (m, pl.) → sui",su + i → sui
"on the (f, pl.) → sulle",su + le → sulle
"from the (m, sg.) → dal",da + il → dal
"from the (f, sg.) → dalla",da + la → dalla
"from the (m, pl.) → dai",da + i → dai
"from the (f, pl.) → dalle",da + le → dalle
"to the (m, sg.) → al",a + il → al
"to the (f, sg.) → alla",a + la → alla
"to the (m, pl.) → ai",a + i → ai
"to the (f, pl.) → alle",a + le → alle
"of the (m, sg.) → del",di + il → del
"of the (f, sg.) → della",di + la → della
"of the (m, pl.) → dei",di + i → dei
"of the (f, pl.) → delle",di + le → delle
"with the (m, sg.) → col",con + il → col (informal)
"my (m, sg.)",mio
"my (f, sg.)",mia
my (pl.),miei / mie
"your (sg., m)",tuo
"your (sg., f)",tua
"your (sg., pl.)",tuoi / tue
his / her (m),suo
his / her (f),sua
his / her (pl.),suoi / sue
our (m),nostro
our (f),nostra
our (pl.),nostri / nostre
"your (pl., m)",vostro
"your (pl., f)",vostra
"your (pl., pl.)",vostri / vostre
their (m),loro
their (f),loro
their (pl.),loro
my house,la mia casa
his car,la sua macchina
our children,i nostri figli
your friend (m),il tuo amico
"this (m, sg.)",questo
"this (f, sg.)",questa
"these (m, pl.)",questi
"these (f, pl.)",queste
"that (m, sg.)",quello
"that (f, sg.)",quella
"those (m, pl.)",quelli
"those (f, pl.)",quelle
this book,questo libro
that car,quella macchina
these people,queste persone
those children,quei bambini
a lot of,molto / tanti
a little,poco / un po'
some,alcuni / un po' di
many,molti
few,pochi
too much,troppo
too many,troppi
enough,abbastanza
more,di più / più
less,meno
most,la maggior parte
several,diversi / parecchi
all,tutto / tutti
every,ogni
each,ciascuno
both,entrambi
neither,né l'uno né l'altro
either,uno dei due / uno o l'altro
none,nessuno
It is 9 o'clock.,Sono le 9.
It is half past 2.,Sono le 2 e mezza.
It is quarter past 3.,Sono le 3 e un quarto.
It is quarter to 4.,Sono le 4 meno un quarto.
It is noon.,È mezzogiorno.
It is midnight.,È mezzanotte.
at 5 o'clock,alle 5
in 10 minutes,tra 10 minuti
an hour ago,un'ora fa
in two days,tra due giorni
three weeks ago,tre settimane fa
on Monday,il lunedì / lunedì
in January,in gennaio / a gennaio
in spring,in primavera
from Monday to Friday,dal lunedì al venerdì
every day,ogni giorno
for two hours,per due ore
since Monday,da lunedì
until Friday,fino a venerdì
before noon,prima di mezzogiorno
from now on,d'ora in poi
all of a sudden,all'improvviso
at the last minute,all'ultimo minuto
at the same time,allo stesso tempo
in the meantime,nel frattempo
ever since,da allora
'attuale' = current (NOT 'actual'),attuale = attuale / corrente
'eventuale' = possible (NOT 'eventual'),eventuale = possibile
'pretendere' = to demand (NOT 'pretend'),pretendere = esigere
'sensibile' = sensitive (NOT 'sensible'),sensibile = sensibile
'simpatico' = likeable (NOT 'sympathetic'),simpatico = piacevole / carino
'parente' = relative (NOT 'parent'),parente = familiare / congiunto
'firma' = signature (NOT 'firm/company'),firma = firma / società
'morbido' = soft (NOT 'morbid'),morbido = soffice / tenero
'libreria' = bookshop (NOT 'library'),libreria = libreria (biblioteca = library)
'casino' = mess / chaos (NOT casino),casino = confusione / casinò = gambling house
'preservare' = to preserve (true cognate),preservare = conservare ✓
'romanzo' = novel (NOT 'romance'),romanzo = libro / avventura romantica = romance
'annoiare' = to bore (NOT 'to annoy'),annoiare = stancare (infastidire = to annoy)
'argomento' = topic (NOT 'argument'),argomento = tema (litigio = argument)
'fastidioso' = annoying (NOT 'fastidious'),fastidioso = irritante
on the contrary,al contrario
as a result,di conseguenza
in contrast,al contrario / in contrasto
provided that,a condizione che
assuming that,supponendo che
in case,nel caso in cui
by the time,quando / entro il momento in cui
in the long run,a lungo andare
in the short term,a breve termine
all in all,tutto sommato
to sum up,per riassumere
first of all,prima di tutto
last but not least,ultimo ma non meno importante
namely,cioè
such as,come ad esempio
particularly,in particolare
generally speaking,in generale
strictly speaking,a rigore
as far as I know,per quanto ne so
it turns out that,risulta che
needless to say,inutile dire che
when all is said and done,alla fine dei conti
Let's agree to disagree.,Prendiamo atto delle nostre differenze.
The ball is in your court.,Tocca a te.
That's a deal.,Affare fatto!
I'm in over my head.,Sono in alto mare.
It's now or never.,È ora o mai più.
Step by step.,Passo dopo passo.
Hard work pays off.,Il duro lavoro premia.
Dream big!,Sogna in grande!
Make it happen!,Fallo accadere!
to whisper,sussurrare
to shout,urlare
to argue,litigare
to forgive,perdonare
to blame,accusare / incolpare
to brag,vantarsi
to admire,ammirare
to respect,rispettare
to ignore,ignorare
to encourage,incoraggiare
to discourage,scoraggiare
to inspire,ispirare
to motivate,motivare
to convince,convincere
to persuade,persuadere
to negotiate,negoziare
to compete,competere / gareggiare
to cooperate,cooperare
to communicate,comunicare
to express,esprimere
to describe,descrivere
to explain,spiegare
to summarize,riassumere
to analyze,analizzare
to evaluate,valutare
to estimate,stimare
to calculate,calcolare
to predict,prevedere
to simulate,simulare
to program,programmare
to design,progettare
to launch,lanciare
to test,testare
to manage,gestire
to organize,organizzare
to coordinate,coordinare
to delegate,delegare
to supervise,supervisionare
to hire,assumere
to fire,licenziare
to promote,promuovere
to demote,retrocedere
to negotiate,trattare
to audit,verificare / controllare
to budget,pianificare il budget
to invest,investire
to borrow,prendere in prestito
to lend,prestare
to donate,donare
to volunteer,fare volontariato
to subscribe,abbonarsi
to follow (social),seguire
to post,pubblicare / postare
to share,condividere
to like,mettere mi piace
to comment,commentare
to tag,taggare
to block,bloccare
to scroll,scorrere
to click,cliccare
to swipe,scorrere / strisciare
to reboot,riavviare
to update,aggiornare
to backup,fare un backup
to encrypt,cifrare
to stream,trasmettere in streaming
to recycle,riciclare
to pollute,inquinare
to conserve,conservare
to protect,proteggere
to destroy,distruggere
to build,costruire
to renovate,ristrutturare
to repair,riparare
to maintain,mantenere
to decorate,decorare
to furnish,arredare
to move house,traslocare
to paint (walls),tinteggiare / pitturare
to plant,piantare
to water,annaffiare
to harvest,raccogliere
bookshelf,scaffale per libri
bookcase,libreria
fireplace,camino
chimney,canna fumaria
courtyard,cortile
porch,portico
gate,cancello
fence,recinto / staccionata
mailbox,cassetta delle lettere
doorbell,campanello
skylight,lucernario
corridor,corridoio
closet,armadio / ripostiglio
laundry room,lavanderia
storage room,ripostiglio / deposito
workshop,officina / laboratorio
rooftop,terrazzo sul tetto
lobby,atrio / hall
reception desk,reception / banco accettazione
parking space,posto auto
driveway,viale d'accesso
sidewalk,marciapiede
crossroads,incrocio
alley,vicolo
curb,marciapiede / cordolo
pavement,pavimentazione
signpost,cartello stradale
street sign,targa stradale
traffic sign,segnale stradale
road works,lavori stradali
speed limit,limite di velocità
fine / penalty,multa
toll road,autostrada a pedaggio
rest area,area di servizio
motorway exit,uscita autostradale
on-ramp,rampa di accesso
overpass,cavalcavia
underpass,sottopassaggio
level crossing,passaggio a livello
timetable,orario
platform,binario / banchina
departure board,tabellone delle partenze
arrival board,tabellone degli arrivi
delay,ritardo
track,binario
conductor,controllore
fare,tariffa
season ticket,abbonamento
single ticket,biglietto singolo
round trip,andata e ritorno
connection,coincidenza
noisy,rumoroso
silent,silenzioso
crowded,affollato
empty (place),vuoto / deserto
busy (place),animato / trafficato
lively,vivace
peaceful,tranquillo
gloomy,cupo / tetro
bright,luminoso
shadowy,ombroso
cozy,accogliente
elegant,elegante
casual,casual / informale
formal,formale
tight,stretto
loose,largo / ampio
rough,ruvido / grezzo
smooth,liscio
sharp,tagliente / acuto
blunt,smussato / ottuso
hollow,cavo / vuoto
solid,solido / pieno
liquid,liquido
frozen,congelato
melted,sciolto
burned,bruciato
overcooked,troppo cotto
undercooked,poco cotto
raw,crudo
spicy,piccante
sweet,dolce
sour,aspro
salty,salato
bitter,amaro
bland,insipido
crispy,croccante
creamy,cremoso
fresh,fresco
stale,raffermo
ripe,maturo
unripe,acerbo
nausea,nausea
vomiting,vomito
diarrhea,diarrea
constipation,stitichezza
rash,eruzione cutanea
bruise,livido
wound,ferita
fracture,frattura
sprain,distorsione
inflammation,infiammazione
infection,infezione
cough,tosse
sneeze,starnuto
hiccup,singhiozzo
swelling,gonfiore
bleeding,sanguinamento
unconscious,privo di sensi / svenuto
dizzy,stordito / con le vertigini
nauseous,nauseato
exhausted,esausto
faint,svenire
pulse,polso
breathing,respiro
heartbeat,battito cardiaco
temperature,temperatura
pharmacy (24h),farmacia di turno
emergency room,pronto soccorso
Pleased to meet you.,Piacere.
It's been a while!,È un po' che non ci vediamo!
Take care!,Prenditi cura di te!
Have a safe trip!,Buon viaggio!
I'll miss you.,Mi mancherai.
I'm homesick.,Ho nostalgia di casa.
I'm jet-lagged.,Ho il jet lag.
I'm sunburned.,Sono scottato/a.
I've got a tan.,Sono abbronzato/a.
What a beautiful view!,Che bella vista!
It's breathtaking.,Mozzafiato.
I'm speechless.,Sono senza parole.
That's beyond my budget.,Va oltre il mio budget.
Can we negotiate the price?,Possiamo trattare il prezzo?
Is there a cheaper option?,C'è un'opzione più economica?
That's a steal!,È un affare!
It's overpriced.,È troppo caro.
Can I try it on?,Posso provarlo?
It's not my style.,Non è il mio stile.
It suits you.,Ti sta bene.
It doesn't fit.,Non va bene.
The color is perfect.,Il colore è perfetto.
Do you have it in another color?,Lo avete in un altro colore?
I'm just browsing.,Sto solo guardando.
I'll think about it.,Ci penso.
I'll come back later.,Torno più tardi.
Where do I pay?,Dove si paga?
Do you accept cash?,Accettate contanti?
Can I have a bag?,Posso avere un sacchetto?
"Gift wrapping, please.","Confezione regalo, per favore."
Is this on sale?,È in saldo?
What's the return policy?,Qual è la politica di reso?
I have a complaint.,Ho un reclamo da fare.
I'm not satisfied.,Non sono soddisfatto/a.
The service was excellent.,Il servizio era eccellente.
I'd like to speak to the manager.,Vorrei parlare con il responsabile.
Can you recommend a good restaurant?,Puoi consigliarmi un buon ristorante?
Is this authentic?,È autentico?
What are the opening hours?,Quali sono gli orari di apertura?
Is it far to walk?,Si fa a piedi?
How long does it take by bus?,Quanto ci vuole in autobus?
Is there a guided tour?,C'è una visita guidata?
I'd like an audio guide.,Vorrei un'audioguida.
Where can I buy tickets?,Dove si comprano i biglietti?
Is there a discount for students?,C'è uno sconto per studenti?
Do I need to book in advance?,Devo prenotare in anticipo?
Photography is not allowed.,La fotografia non è consentita.
Please be quiet.,"Silenzio, per favore."
Keep out!,Vietato l'ingresso!
No entry.,Divieto di accesso.
Emergency only.,Solo per emergenze.
Wet paint.,Vernice fresca.
Mind the step.,Attenzione al gradino.
Out of order.,Fuori servizio.
Under construction.,In costruzione.
Push,Spingere
Pull,Tirare
Open,Aperto
Closed,Chiuso
Free entry,Ingresso gratuito
Exit,Uscita
Entrance,Entrata
to rent a car,noleggiare una macchina
car rental,autonoleggio
petrol / gasoline,benzina
diesel,gasolio
to refuel,fare benzina
traffic police,polizia stradale
speed camera,autovelox
parking ticket,multa per sosta vietata
tow truck,carro attrezzi
flat tire,gomma a terra / foratura
spare tire,ruota di scorta
seat belt,cintura di sicurezza
airbag,airbag
to overtake,sorpassare
to reverse,fare retromarcia
to park,parcheggiare
to accelerate,accelerare
to brake,frenare
to indicate,mettere la freccia
roundabout,rotatoria
motorway,autostrada
national road,strada statale
cobblestone street,strada acciottolata
narrow street,vicolo stretto
traffic warden,vigile urbano
suburb,periferia
outskirts,periferia
city map,pianta della città
tourist office,ufficio turistico
monument,monumento
statue,statua
fountain,fontana
ancient ruins,rovine antiche
